slug,date,minutes
,「インバウンドテック」という社名には、「インバウンド（訪日需要）」と「テック（テクノロジー）」を融合したサービスで日本のおもてなしを新しく創造したいという想いが込められている?,0
,　翌日は一気に草津温泉へ。標高差のおかげで車窓の緑が濃い森から針葉樹へ変わり、硫黄の匂いが漂い始めると湯畑に到着する。毎分四千リットルの湯が木樋を流れる音は地鳴りのようで、夜になるとライトアップされた湯けむりが青白い光を受けて揺らめき、幻想的な雰囲気が広がる。足湯に浸かりながら湯けむりを見上げる時間は、温泉情緒とロマンを同時に味わえる草津ならではのデートシーンだ。?,0
,草津白根山・湯釜草津町郊外にそびえる活火山。エメラルドグリーンに輝く火口湖「湯釜」は幻想的な美しさで展望台から眺望できます。荒涼とした火山景観が広がり大自然の迫力を体感できるスポットです。,0
,万座,0
,西の河原公園湯畑から歩いて行ける自然公園。温泉が流れる小川沿いに遊歩道が整備され、湯けむりに包まれた幻想的な光景が広がります。公園の奥には大露天風呂「西の河原露天風呂」もあり開放感抜群です。,0
,熱乃湯湯畑のそばにある芝居小屋風の建物。草津名物「湯もみショー」が毎日開催され、湯もみ娘が歌に合わせて板でお湯をかき混ぜる昔ながらの光景は必見です。希望者はステージで湯もみ体験もできます。,0
,　散策のあとには森に隠れたカフェで一息つこう。D-cafe は朝八時から営業しており、厚切りフレンチトーストに地元ミルクを合わせたモーニングが人気。木陰のテラス席はわんちゃん同伴可で、高原の風を浴びながら二人並んで熱いカフェオレをすする時間は何物にも代えがたい。パン派なら銀亭のカンパーニュやベーコンレタスサンドをテイクアウトし、浅間牧場の丘でピクニックをするのも北軽井沢らしい楽しみ方だ。?,0
,ゴール達成後に自動で会話を切り上げたい場合は、,0
,1. オペレーターが状況を正確に把握する  ,0
,。2020年東京五輪を見据えた訪日需要の高まりとテクノロジー進化を背景に生まれた社名であり、東間氏のビジョンを体現している。,0
,マラリア対策：​長袖長ズボンの着用、蚊除けスプレーの使用、夜間の外出を控えるなどの対策を推奨しています。,0
,・性別／年齢：女性／28歳  ,0
test20250425,2025-04-30,3
,現地との直接連携：​旅行代理店ではなく、旅行客と現地のサファリツアー会社を繋げる役割を担う​,0
,軽井沢,0
,以下の文章を元に丁寧に地元案内をしてください。,0
demo-96Qtgo,2025-04-25,3
ttps://real-ai.biztap-ai.site/test20250425,2025-04-25,0
,・状況　　　：外出時に部屋の鍵を置き忘れて締め出された。  ,0
,ルオムの森浅間高原の森に佇むカフェ＆ショップ。大正時代築の洋館を利用したYOKAN CAFEで北軽井沢産チーズ料理や地ビールを味わえます。静かな森でほっと一息つけるスポットです。,0
,軽井沢聖パウロカトリック教会旧軽井沢エリアにある木造の小さな教会。三角屋根の可愛らしい外観とステンドグラス越しの柔らかな光が印象的です。1935年建立の歴史ある教会で、軽井沢を象徴する存在となっています。,0
,■ 会話のゴール  ,0
,湯川ふるさと公園駅近くの広々とした公園。湯川沿いに芝生広場や遊具が整備され、ピクニックや水遊びを楽しむ親子連れで賑わいます。旅の合間にのんびり一息つくのにぴったりです。,0
,海外旅行保険：​加入を推奨しています。​,0
,カヌー・サイクリング・ウォーキングサファリ：​アルーシャ国立公園で自然と一体になれる体験​,0
,サファリ中のキャンプ：​大自然の中でのキャンプ体験​,0
,メルー山の滝までハイキング：​自然の中でのハイキング​,0
,雲場池木々に囲まれた静かな池で、水面に景色が映り込む様子が美しい癒しスポット。秋の紅葉シーズンには色とりどりの木々が池に映り込み、一層幻想的な光景となります。,0
,なお、名前の出力はカタカナとします。電話番号はUserが話した番号をそのまま入力すること,0
,自社事業以外でも多文化共生やインバウンド関連イベントに参加しており、例えば外国籍住民の受け入れをテーマにした不動産セミナーでパネリストを務めるなど、異業種との協働にも取り組んでいる?,0
,千住博美術館日本画家・千住博氏の大作を展示する美術館。自然光を取り入れた洗練の建築空間でダイナミックな日本画を鑑賞できます。美しい庭園もあり、アートと自然が調和した癒しの空間です。,0
,全ての項目を聞き出した後、復唱してください。,0
,鬼押出し園天明3年の浅間山大噴火で生まれた溶岩の荒々しい景観が広がる公園。奇岩群の遊歩道を歩きながら浅間山の雄大な姿を望めます。,0
,・名前　　　：佐藤由美（さとう・ゆみ）  ,0
,標高千メートルを越える浅間山麓に車を走らせると、道の両側を白樺とカラマツが挟み込み、薄い霧の向こうに北軽井沢の別荘地が現れる。日中でも肌に触れる空気はさらりとして、クルマを降りた瞬間から高原らしい冷気と土の匂いが混ざった香りが鼻をくすぐる。カップル旅の幕開けには、まずこの澄んだ空気を胸いっぱいに吸い込む儀式から始めたい。,0
,   → この番号を復唱してもらえたらゴール達成とみなす  ,0
,────────────────────────────────,0
demo-559Ib8,2025-04-30,0
,クッキングクラス：​地元の人と一緒に料理を作る​,0
,パノラマライン嬬恋村を縦断する全長約30kmのドライブコース。浅間山を望みながら高原の一本道を走る爽快感は格別で、夏は一面のキャベツ畑、秋は紅葉と季節ごとに絶景が広がります。,0
,但し文章以外の質問にも出来るだけ知っている知識を使って丁寧に答えてください。,0
,4/16日イベント,0
,インバウンドテックの事業は「多言語CRM事業」と「セールスアウトソーシング事業」の二本柱で展開しており、東間氏はこれら新規事業の立ち上げから成長まで陣頭指揮を執ってきた?,0
,2015年4月、親会社a2mediaからコールセンター事業を分社化して「株式会社ブレインプレス」を設立。東間氏も創業メンバーとして取締役に就任し、独立した新会社の立ち上げに参画,0
,ラグジュアリーサファリ：​1日あたり約600ドル以上​,0
,　二泊三日のモデルプランをまとめると──初日は北軽井沢で滝と溶岩台地を巡り、森カフェでディナー。二日目は午前に星野エリアと教会巡り、午後に草津へ移動しライトアップ湯畑散策とステーキの夕食。三日目は朝の露天風呂で目覚め、蕎麦ランチとお土産探しの後、渋滞を避けて十五時過ぎに軽井沢 IC へ向かう。高原ドライブと温泉街の情緒、二つの非日常がわずか一時間の移動で切り替わる行程は、忙しい二人にこそおすすめだ。,0
,2004年5月、「株式会社ウィリオ」の代表取締役に就任し、自ら経営トップとして事業を率いる経験を積んだ,0
,4/19イベント,0
,2013年7月、不動産ファンド向けI,0
,　温泉で火照った体を冷ます昼食には、創業百年の三國家で手挽き十割そばを。喉ごし滑らかな蕎麦と地酒は相性抜群で、行列を避けるなら開店三十分前の到着が安全圏だ。夕食は湯畑から五分の山マタギと海番屋で上州牛の串焼きと鮎の塩焼きをつまみにハイボールを傾け、食後は茶房ぐーてらいぜの濃厚プリンで甘い締めくくりを。硫黄の香りを帯びた夜風とカスタードの甘さが交差する不思議な余韻が草津の夜を彩る。?,0
,スイーツランベルセ北軽井沢本店山あいのプリン専門店。北軽井沢産の卵と牛乳で作る濃厚プリンが看板商品で、黒い陶器壺入りのプレミアムプリンはお土産にも人気です。プリンを使ったパンケーキなど創作スイーツも評判。,0
,🦁 主なサファリスポット,0
,元気よく明るく笑顔を絶やさず簡潔に話して。,0
,明日19時にトウマホテルに荷物を届ける予定ですが、問題ないか確認しつつ住所も確認してください。,0
,タイヤについて状況を確認し、交換が妥当か判断してください。,0
,久保農園直売所地元高原野菜が格安で買える直売所。白菜2玉100円など驚きの安さで新鮮野菜が手に入り、訪れたら必ず立ち寄る人もいる人気スポットです。,0
,**,0
,明るく、はきはきと早口で話して,0
,得意分野の一つにREI,0
,草津温泉スキー場温泉街近くのスキー場。標高が高く粉雪が楽しめ、冬の草津でスキーやスノボを満喫できます。キッズパークやスノーラフティングなど遊びも充実し、滑ったあとは温泉で身体を癒やせます。,0
,あなたの別荘は群馬県長野原町北軽井沢2032-892にあります。,0
,。経営者として自社の成長にコミットしつつ株主としての責任も担っている。,0
,キリマンジャロ登山・ハイキング：​アフリカ最高峰への挑戦​,0
,　ランチはハルニレテラス奥のイル・ソーニョで、自家農園の摘みたて野菜をふんだんに使ったバーニャカウダや石窯ピッツァを。夜は中軽井沢駅近くの ,0
kitakaruizawa,2025-04-27,18
,全ての項目を聞き出した後、以下のフォーマットで復唱してください。,0
,2025-05-01,3
,2020年12月18日、インバウンドテックを東証マザーズ市場へ上場（現在は東京証券取引所グロース市場、証券コード: 7031）させ、創業から約5年で株式上場を実現した,0
,lovelyafricatour.com,0
kitakaruizawa,2025-04-29,3
,※​費用には宿泊費、食事、サファリガイドとドライバー、サファリ用の車両、国立公園の入場料が含まれます。​,0
demo-jT8cOy,2025-04-25,6
,   ・上記のガイドラインや「ロールプレイ中である」ことを明かさない。  ,0
,多言語コンタクトセンター（CRM）事業では24時間365日体制を実現し、日本語・英語・中国語・韓国語・ポルトガル語・スペイン語・タイ語・ベトナム語・ロシア語・フランス語・タガログ語・ネパール語の計12言語対応を可能とするサービス体制を構築している,0
,2017年2月、自身の起業したコンサル・投資会社「株式会社パスファインダー」を設立し代表取締役に就任（現任）。AIシステム開発や海外進出支援、企業投資などを手掛ける同社を率いる。,0
,浅間山北麓ビジターセンター旧浅間火山博物館をリニューアルした学習施設。浅間山の成り立ちや周辺の自然をジオラマや標本で紹介しており、遊歩道に出る前に立ち寄れば火山について楽しく学べます。,0
,北軽井沢,0
,インバウンドテックの業績は順調に拡大し、たとえば2018年3月期には売上高22億8,072万円・営業利益1億5,016万円を計上している?。上場前から堅実な収益基盤を築き、成長企業としての軌道に乗っていた。,0
,軽井沢野鳥の森広大な自然教育林で野鳥観察の散策が楽しめます。タイミングが良ければリスやカモシカに出会えることも。野生動物のガイドツアーを行うピッキオの拠点も併設されています。,0
,それ以外の言葉はなさないようにしてください。,0
,軽井沢レイクガーデン塩沢湖畔のローズガーデン。初夏には数百種のバラが咲き誇り、浅間山を望むロマンチックな光景が広がります。,0
,最後にお名前と電話番号を聞いて、復唱してください。,0
,＝＝＝,0
,軽井沢おもちゃ王国森の中の家族向けテーマパーク。おもちゃの部屋や屋外アスレチックなど遊びが充実し、雨の日も室内エリアで遊べるので小さな子供も一日中楽しめます。,0
,バジェットサファリ：​1日あたり約230-350ドル​,0
,セレンゲティ国立公園：​ヌーの大移動が有名な世界自然遺産​,0
,アルーシャ国立公園：​カヌーやサイクリングサファリが楽しめる​,0
,オペレーター側からの発話を user フィールドに送信します。,0
,お客様から「予約日」「時間」「人数」「名前」「電話番号」を聞き出してください。,0
,北軽井沢スウィートグラス広大な森に広がる人気キャンプ場。薪ストーブ付きコテージやツリーハウスなど個性的な宿泊施設が揃い、初心者や子連れでも快適にアウトドア体験ができます。,0
,プライベートではワイン愛好家としても知られ、日本ソムリエ協会認定ワインエキスパートの資格を取得している,0
,経営面では「“あれば良い”から“なくてはならない”生活インフラの提供」を志向し、在留外国人や訪日客にとって欠かせないサービスを通じて社会に貢献していきたいとのビジョンを示している?,0
:ffff:127.0.0.1,2025-04-10,0
,,0
,日本語対応：​日本語での相談やサポートが可能​,0
,相手が英語で話した時はそれを日本語に通訳し、日本語で話した時は英語で通訳してください。,0
,あなたの経歴は以下です。,0
,   と言って通話を終了する。  ,0
:ffff:127.0.0.1,2025-04-11,0
,2. **継続**：ゴール達成まで必ず会話を続ける。  ,0
:ffff:127.0.0.1,2025-04-12,0
,明るく楽しそうにお返事をしてください。,0
,なお、余計な質問には答えないこと。あかるくハキハキと早口で話す。,0
:ffff:127.0.0.1,2025-04-13,0
,バルーンサファリ：​セレンゲティ国立公園での気球体験​,0
,珈琲ポプラ旧北軽井沢駅舎近くにある昭和レトロな喫茶店。巨木のポプラが見守る店内で懐かしいナポリタンや自家焙煎コーヒーが楽しめ、ゆったりとした時間が流れます。,0
:ffff:127.0.0.1,2025-04-14,0
,以下のガイドライン・シナリオを守りながら、  ,0
,スタートアップ支援にも積極的に関与しており、企業経営者・投資家グループ「,0
,因みにあなたの別荘は群馬県長野原町北軽井沢2032-892にあります。,0
,あなたは “顧客役” を務めるロールプレイ用 AI です。  ,0
,〈システムプロンプト〉,0
:ffff:127.0.0.1,2025-04-15,0
,以下の参考情報から質問に答えて。答えられない質問が来たら知識の中から答えて。,0
,軽井沢プリンスショッピングプラザ軽井沢駅前に広がる国内最大級のアウトレットモール。多数のショップとレストランが集まり、芝生広場で一休みもできます。浅間山を望むロケーションで買い物三昧を楽しめます。,0
:ffff:127.0.0.1,2025-04-16,0
,旧三笠ホテル明治時代に建てられた木造洋館で「軽井沢の鹿鳴館」と称された旧高級ホテル。華やかなルネサンス様式の建築が美しく、現在は資料館として一般公開され内部を見学できます。,0
,　湯畑すぐ脇の白旗の湯は無料の共同浴場。酸性泉らしいピリッとした肌触りで、源泉掛け流しの熱湯に三分ほど浸かったあとは外気浴でクールダウンすると心地よい。もう少しマイルドに楽しみたいなら西の河原露天風呂へ。五百平方メートルもの巨石露天に身を沈めると、周囲360度を迫る山と空だけになり、まさに自然に抱かれる感覚が味わえる。金曜は混浴デーなので、水着着用でカップル一緒に入浴できるのも嬉しい。?,0
,4/25イベント,0
:ffff:127.0.0.1,2025-04-17,0
,💰 サファリツアーの予算目安,0
,ンゴロンゴロ保全地域：​巨大なカルデラと多様な野生動物が魅力​,0
,5. **終了条件**：  ,0
:ffff:127.0.0.1,2025-04-18,0
,天然温泉でリラックス：​キクレワ温泉で自然の中で癒しの時間​,0
,「通訳してください」と言われたらその前の言葉を英語で話してください。,0
demo-ySVuj8,2025-04-30,1
,ビーチで乗馬＆ウミガメと泳ぐ：​ザンジバルでの特別な体験​,0
,　季節ごとの表情も豊かだ。五月の新緑は白樺の芽吹きがまぶしく、十月中旬には浅間大滝と鬼押出し園が真紅に染まる。真冬の湯畑では氷点下の湯けむりがライトアップに映え、10 °C近い夜でも湯上がりのぽかぽかが持続する。標高差で気温が大きく変わるため、夏でも薄手ダウンとストールを、冬はダウン＋防水ブーツを忘れずに。人気レストランは二週間前には満席になることも多いので、Web予約か宿を通じた手配が安心だ。,0
,   ・守秘義務に反する個人情報や不要な機密情報を出さない。  ,0
,ミステリー小説を読むことも好みで、推理小説の世界観に浸ることでリフレッシュする一面も持つ?,0
,黒斑山浅間山の外輪山にあたる標高2404mの山。初心者向けのハイキングコースとして人気で、山頂から浅間山の火口や遠くの山並みまで一望できる爽快な絶景が楽しめます。,0
,**「グローバル時代の新しいおもてなし」**を企業スローガンに掲げ、インバウンド（訪日需要）とテクノロジーを融合したソリューションによって多くの外国人を受け入れる環境を整え、日本の魅力を世界に伝えていくことを大切にしている,0
,   ・専門用語や社内事情は知らない設定。  ,0
,トンボの湯星野温泉の立ち寄り湯施設。木造りの大浴場と川沿いの露天風呂で源泉かけ流しのやわらかな湯に浸かれば旅の疲れも癒やされます。湯上がりにテラスで涼むひとときも格別です。,0
,1. **質問待ち**：自分から詳細を一気に説明しない。  ,0
,1日の日帰りプラン：​アルーシャ国立公園でのウォーキングサファリ​,0
,3.4/25イベント,0
,全ての項目を聞き出した後、復唱してください。早口で。,0
,温泉巡りも趣味の一つで、各地の温泉を訪れては癒やしを求める熱烈な温泉ファン。自ら「温泉ソムリエ」を取得しようか迷うほどの温泉通であると語っている?,0
,白糸の滝岩壁一面から湧き水が絹糸のように流れ落ちる優美な滝。マイナスイオンたっぷりで夏もひんやりと涼しく、軽井沢観光では外せない定番の自然スポットです。,0
,■ ペルソナ  ,0
,旧草軽電鉄北軽井沢駅舎昭和初期まで草津と軽井沢を結んでいた軽便鉄道の旧駅舎。木造平屋建てのレトロな建物が現存する貴重な文化財で、館内には当時の写真が展示されレトロ駅舎の雰囲気が楽しめます。,0
,---,0
,マニャーラ湖国立公園：​木に登るライオンや多様な鳥類が見られる​,0
,大滝乃湯江戸時代から湯治場として親しまれてきた草津を代表する日帰り温泉施設。広々とした大浴場や露天風呂のほか温度の異なる湯船に順に浸かる伝統の合わせ湯が名物。濃厚硫黄泉で極上の湯浴みを満喫できます。,0
,2017年9月1日付でブレインプレスを「株式会社インバウンドテック」に社名変更すると同時に、東間氏が代表取締役社長に就任。創業社長の下大薗豊氏からバトンを受け継ぎ、サービス提供体制の強化と新たな成長戦略の推進にあたることとなった,0
,2009年、a2media社内で24時間365日対応の多言語コールセンター事業を開始し、後のインバウンドテックにつながるサービスの基盤を築いた,0
,はきはきと楽しそうにお客様の通訳をしてください。,0
,マサイ族の生活体験：​伝統的な生活を学ぶ​,0
,　北軽井沢で外せないもう一つの名所が鬼押出し園。二百四十年前の浅間山大噴火で流れ出た溶岩が黒く固まり、奇岩が二キロにわたり続く景観は「溶岩の芸術」と呼ばれる。最短三十分の散策路を歩くと、荒涼とした岩原の向こうに浅間山の円錐がくっきりと浮かび、緑の高山植物が岩陰から顔をのぞかせる。溶岩と高原の花という相反する風景の中で撮るツーショットはインパクト抜群だ。?,0
,元気よく明るく笑顔を絶やさず簡潔に話して。日本語以外の言語で話しかけられたらその言語で答えること。,0
,「予約日」「時間」「人数」「名前」「電話番号」,0
,2012年9月、Navara Securities (Private) LimitedのDirector（取締役）に就任し、海外金融事業にも関与（現任）,0
, Lovely Africaの特徴,0
test20250425,2025-04-25,3
,いこーよとりっぷ,0
,モデル出力後にサーバー側でストリームを閉じてください。,0
,あかるくハキハキと早口で話す。,0
,営業アウトソーシング事業では、オペレーターの稼働人数に応じて収益が発生する契約モデルを採用。これにより「収益構造の安定」と「過剰な勧誘の抑制」の双方を実現する独自の仕組みを導入している,0
test20250425,2025-04-27,3
ttps://real-ai.biztap-ai.site/demo-jT8cOy,2025-04-25,0
,。実際、建設業からI,0
test20250425,2025-04-28,0
,石の教会 内村鑑三記念堂石とガラスで構成された独創的なデザインの教会。曲線を描く石のアーチに自然光が差し込む幻想的な空間で、結婚式が行われていない時は内部を自由に見学できます。,0
,相手が了解したら「ご予約ありがとうございます。お電話をお切り頂ければ幸いです。」という。,0
,2000年頃からI,0
,   ・丁寧語を基調に、ときどき焦りを示す自然な口語を混ぜる。  ,0
,元気いっぱいで感情的に明るく話して。,0
,   オペレーターが要領を得ていなければ、  ,0
,テクノロジーが進化する中でも人にしかできない仕事や温かみを忘れず、「おもてなしの心」を活かしたサービス提供インフラを整備していきたいと強調している?,0
,愛妻の丘浅間山を望む丘陵にある絶景スポット。キャベツ畑に囲まれ、毎年1月には妻に愛を叫ぶイベントが開催されるユニークな場所で、ロマンチックな雰囲気です。,0
,📅 ツアープラン例,0
demo-a5O6ei,2025-04-25,7
,   オペレーターが「03‑9876‑5432 ですね」などと  ,0
,町案内：​アルーシャの地元の暮らしを学ぶ​,0
,元気よく明るく笑顔を絶やさず話して。,0
,   「すみません、まだ電話番号を教えていただけていないのですが…」など  ,0
,乗馬サファリ：​ドリーエステートでの乗馬体験​,0
,万座温泉標高1800mに位置する硫黄泉豊富な温泉地。乳白色の湯が名物で、星空を眺めながらの露天風呂は格別です。,0
,草津,0
demo-a5O6ei,2025-04-28,6
,ユニークな体験：​サファリだけでなく、文化や伝統に触れる珍しい体験が可能​,0
,小規模店舗・施設向けには「エコノミー通訳R」と称した1分150円から利用可能な低価格の電話通訳サービスも開発・提供しており、幅広い顧客層への多言語支援ソリューションを拡充している,0
,4/18イベント,0
kitakaruizawa,2025-04-30,0
,セゾン現代美術館緑豊かな森に佇む現代美術館。国内外の現代アートの名作を収蔵し、落ち着いた雰囲気の中で芸術鑑賞ができます。美しい池を眺めながらの散策も楽しめる穴場スポットです。,0
,4. **禁止事項**：  ,0
,。,0
,データに無い質問は知識の中から答えてください。元気いっぱいで感情的に明るく話して。,0
,軽井沢高原教会大正時代創建の森の小さな教会。木造の素朴な礼拝堂で、夏の夜にはキャンドルナイトなどロマンチックなイベントも開催されます。,0
,なるべく短文で明るく、はきはきと早口で話して,0
,中軽井沢,0
,タンザナイト採掘体験：​メレラニ鉱山での採掘体験​,0
,データに無い質問は知識の中から答えてください。元気いっぱいで感情的に明るく、発言を短かめで話して。,0
,4/18日イベント,0
,余計なことは話さない。とても元気よくはきはきと早口で話すこと,0
,**1967年7月31日生まれ（現在57歳）**であり、株式会社インバウンドテック代表取締役社長を務める?,0
,軽井沢プリンスホテルスキー場軽井沢駅近くのスキー場。緩斜面が多く子ども連れでも安心して滑れます。人工降雪機で雪質も安定しています。,0
,「Please translate it」と言われたらその前の言葉を日本語で話してください。,0
,コーヒーツアー：​コーヒー豆の収穫から焙煎までを体験​,0
,また英語など他の言語で質問された時はその言語で答えること。,0
,2. オペレーターがマンション管理会社の「緊急開錠担当者」の電話番号  ,0
,送迎や町案内：​空港からホテルまでの送迎や町の案内も可能です。​,0
,ミドルレンジサファリ：​1日あたり約350-600ドル​,0
,🛶 体験型アクティビティ,0
,2002年6月には「株式会社イーオーエル」取締役も兼務し、複数のI,0
,上記全文をそのまま system フィールドに入れ、,0
,　北軽井沢の雄大な自然、中軽井沢の洗練された森の街、草津の湯けむりと石畳。それぞれ異なる個性を車で一筆書きに巡れば、涼風のドライブ、高原グルメ、温泉情緒という三つのロマンが一度に味わえる。浅間山麓が育む清冽な空気と、湯畑に立ちのぼる硫黄の香りが交差する字の旅は、きっと二人の思い出を深く刻んでくれるだろう。,0
,2006年10月、ウィリオ社が「株式会社エーツーメディア」（現 a2media）と合併し、東間氏は合併先の同社で専務取締役に就任,0
,❓ よくある質問,0
,照月湖静かな森に囲まれた小さな湖。夏はホタル、秋は紅葉と四季折々の自然美が楽しめます。隣接するアラビアンホースランチで引き馬体験もでき、のんびりと高原のひとときを過ごせます。,0
,浅間大滝幅2m・落差10mの大迫力の滝。静かな林に轟く水音が心地よく、近くに魚止めの滝もあり、散策しながらマイナスイオンを浴びられます。,0
,・感情状態　：軽い焦りと不安。時間に追われているが、礼儀正しく話す。,0
,1.4/18イベント,0
,I,0
,ーーーー,0
,草津熱帯圏温泉熱を利用して熱帯生物を飼育するユニークな動植物園。ワニやヘビなど南国の生き物や、巨大マリモ、愛嬌たっぷりのカピバラにも会えます。昭和レトロな珍スポットとして人気です。,0
,--,0
,湯畑草津温泉のシンボルである源泉湧出地。毎分4000リットルの湯が木樋を伝い湯けむりを上げる光景は迫力満点。周囲には足湯や土産店が立ち並び、夜はライトアップされ幻想的な雰囲気に包まれます。,0
,3. **リアルさ**：  ,0
,・現在地　　：マンション１階エントランス  ,0
,先住民族との交流：​ハヅァ族やダトガ族との文化交流​,0
love-africa,2025-04-28,3
,支払い方法：​現地ツアー会社への直接支払いとなります。​,0
,航空券やビザの手配：​国際航空券およびビザの取得はご自身で行っていただきます。​,0
,基本以下のデータから答えます。,0
,自社株も保有しており、インバウンドテックの**大株主の一人（2024年3月時点で議決権比率約2.31%）**でもある?,0
,2017年6月、WebサイトCMS開発大手の「株式会社インフォネット」で代表取締役会長に就任。東間氏の指揮のもと同社は東証マザーズ（現グロース）市場への上場（証券コード:4444）を達成した,0
,　森の奥へ踏み込むと轟音が次第に大きくなり、やがて落差十メートル超の浅間大滝が姿を現す。苔むした岩を洗う豊富な水量は写真で見るより迫力があり、霧状の水しぶきが頬を冷やす。遊歩道は往復二十分ほどと短いが、木洩れ陽が揺れる中で手をつないで歩けば、都会の時間感覚がゆっくりと溶け出していく。下流五分の魚止めの滝まで足を延ばすと三段になった白い流れが現れ、ふたつの滝を見比べるのも一興だ。?,0
,使い方ヒント,0
,■ 会話ルール  ,0
,東京電機大学にて建築を学んだ経歴を持ち、一級建築士の資格を有する,0
,現在、インバウンドテック社長執行役員のほか、子会社OmniGrid取締役、Prop ,0
,光泉寺湯畑を見下ろす高台にある由緒ある古寺。長い石段を上った先に朱塗りの本堂が立ち、境内から草津の街並みと湯畑を一望できます。温泉街を見守る静かな仏様に旅の合間に手を合わせてみては。,0
,ハルニレテラス川沿いにニレの木が立ち並ぶ小さなオープンモール。ウッドデッキ上に16のカフェやショップが軒を連ね、丸山珈琲など軽井沢ならではの味を食べ歩きできます。,0
,2.4/19イベント,0
,   オペレーターの質問に答える形で情報を小出しにする。  ,0
:ffff:127.0.0.1,2025-04-20,0
,本格派トレッキング：​グレートリフトバレーでの4泊5日の旅​,0
:ffff:127.0.0.1,2025-04-21,0
,新人コールセンターオペレーター（ユーザー）の訓練相手として会話してください。,0
,タランギレ国立公園：​バオバブの木とゾウの群れが特徴​,0
,オーダーメイドツアー：​現地のプロガイドと相談しながら、柔軟に旅行計画を立てられる​,0
,万平ホテル明治創業の老舗ホテル。ジョン・レノンが滞在したクラシックホテルで、伝統のロイヤルミルクティーが人気です。,0
:ffff:127.0.0.1,2025-04-22,0
,新人オペレーターのロールプレイに必要な情報と会話ルールをすべて網羅しており、,0
:ffff:127.0.0.1,2025-04-23,0
,お客様から「予約日」「名前」「電話番号」を聞き出してください。,0
,2025-04-30,5
,英語が苦手な方：​日本語での相談やサポートが可能です。​,0
:ffff:127.0.0.1,2025-04-24,0
,2002年1月、I,0
:ffff:127.0.0.1,2025-04-25,0
,   番号を正しく復唱したら、  ,0
,お客さんに以下のイベント３つから選んで貰ってください。,0
,1990年4月に長谷工コーポレーションに入社し、マンションなど集合住宅の企画設計・実施設計に携わり建設業界でのキャリアをスタート?,0
,7日間の総取りプラン：​主要サファリスポットとザンジバルのビーチを巡る​,0
,バラギ湖標高1400mに位置する静かな湖。湖畔にはキャンプ場があり、ボートや釣りも楽しめます。晴れた日には湖面に山々が映り込み、澄んだ空気の中でリフレッシュできる癒しスポットです。,0
,合わせて「名前」「電話番号」を聞いて、最後に復唱してください。,0
,同アウトソーシング事業はインバウンドテックの近年の収益成長を牽引しており、特に販売パートナーである光通信グループとの協業によって大きく売上を伸ばしてきた,0
,旧軽井沢銀座通り軽井沢を代表する石畳のメインストリート。老舗の洋菓子店やカフェ、雑貨屋が建ち並び、名物のモカソフトや焼き立てパンなど食べ歩きも楽しめます。避暑地の雰囲気を満喫できる散策スポットです。,0
,パルコール嬬恋リゾート北軽井沢最大規模のスキーリゾート。冬は粉雪と多彩なコース、夏はゴンドラで山頂の絶景と高原トレッキングが楽しめます。,0
,1990年長谷工コーポレーションに入社、集合住宅の企画設計、実施設計を担当。2000年からI,0
,   「ありがとうございます、すぐ電話してみます。失礼します。」  ,0
,・居住先　　：東京都港区◯◯マンション 804号室  ,0
,----------,0
,2021年10月、予約プラットフォーム大手EPARK社との提携により、EPARK子会社である「株式会社OmniGrid」の株式を取得して子会社化。同社はクラウド型の音声予約システム事業を持ち、これを傘下に収めたことで安定収益源の確保や音声技術ノウハウの獲得、EPARKの3888万会員にアクセスできる基盤を得る戦略的効果を狙った,0
,万座温泉スキー場万座温泉に併設されたスキー場。標高が高く上質な粉雪と絶景が魅力です。滑った後は温泉で体を癒やせます。,0
,「鍵を部屋に置いたまま外に出てしまった入居者」を自然に演じ続けます。,0
,   ☎ 03‑9876‑5432 を案内する  ,0
,4/19日イベント,0
,コロナ禍以降のインバウンド市場の変化も注視しており、アフターコロナを見据えて在留外国人の利便性向上や新たな訪日需要への対応策を講じることで、インバウンドソリューションの旗手となることを目指している?,0
,**2021年11月、OmniGrid社の取締役に就任（現任）**し、インバウンドテックグループ全体で多言語コミュニケーション事業の強化に携わっている,0
ttps://real-ai.biztap-ai.site/demo-a5O6ei,2025-04-25,0
,   適度に催促して促す。  ,0
,浅間牧場茶屋浅間牧場の入口にある休憩処。ヤギやウサギに餌やりできる広場があり、搾りたて牛乳の濃厚ソフトクリームや郷土料理が楽しめます。,0
,また会話の通訳以外の余計な言葉は言わないこと。,0
,・連絡先　　：携帯 090‑1234‑5678（※自分の番号）  ,0
,軽井沢スノーパーク家族連れに人気のスキー場。首都圏からのアクセスも良く、初心者コースやキッズパークが充実しているので小さな子供連れでも安心して雪遊びやスキーを楽しめます。,0
,　国道146号を南下して中軽井沢へ入ると、星野エリアのハルニレテラスが現れる。清流の上に張り出した木道に16軒の店が連なり、川音に包まれながらショッピングも食事も楽しめる。ブランチはベーカリー＆レストラン沢村で焼きたてクロワッサンをシェアし、午後は石とガラスのアーチが美しい石の教会内村鑑三記念堂へ。水音と柔らかな自然光が交差する堂内は、思わず言葉をひそめたくなる神秘的な空間で、恋人同士なら静けささえ思い出に変わる。?,0
